onset	duration	sample	value
-0.0010000000	5515506.0000000000	-0.5	boundary
5.0000000000	0.0000000000	2500	TrialStart
20.6625382244	0.0000000000	10331.2691	LS-Sync
172.0228078876	1.0000000000	86011.4039	CWR-M  1
172.0878328584	0.0000000000	86043.9164	LS-Sync
185.0500000000	0.0000000000	92525	TrialEnd
