onset	duration	sample	value
-0.0010000000	4165342.0000000000	-0.5	boundary
5.0000000000	0.0000000000	2500	TrialStart
185.2560000000	0.0000000000	92628	TrialEnd
