onset	duration	sample	value
-0.0010000000	3438581.0000000000	-0.5	boundary
5.0000000000	0.0000000000	2500	TrialStart
33.9301767873	0.0000000000	16965.0884	LS-Sync
44.4280283793	0.0000000000	22214.0142	LS-Sync
185.0560000000	0.0000000000	92528	TrialEnd
