onset	duration	sample	value
-0.0010000000	3733648.0000000000	-0.5	boundary
3.1556346169	1.0000000000	1577.8173	RHS
3.1706117297	1.0000000000	1585.3059	RTO
5.0000000000	0.0000000000	2500	TrialStart
149.8489351844	1.0000000000	74924.4676	RHS
149.8539294637	1.0000000000	74926.9647	RTO
160.8875394856	1.0000000000	80443.7697	RHS
160.8925290040	1.0000000000	80446.2645	RTO
185.0760000000	0.0000000000	92538	TrialEnd
